"0","quantile(z, probs = c(0.025, 0.5, 0.975))"
"1","        2.5% "
"1","         50% "
"1","       97.5% "
"1","
"
"1","-1.947075208 "
"1","-0.001622943 "
"1"," 1.946487580 "
"1","
"
